Trading Month,600010,600028,600030,600031,600036,600048,600050,600089,600104,600111,600196,600276,600309,600406,600436,600438,600519,600690,600745,600809,600887,600893,600900,600905,601012,601066,601088,601166,601225,601288,601318,601390,601398,601628,601633,601668,601669,601728,601857,601888,601899,601919,603259,603260,603288,603501,603799,603986,688111,688599
2010-01,-0.131466,-0.189496,-0.109852,-0.162184,-0.159557,-0.149107,-0.035665,-0.097479,-0.229621,-0.15609,0.027082,-0.089905,-0.074136,0.06781,-0.01857,0.088571,-0.007537,-0.185559,-0.116129,-0.069415,0.141239,0.040015,-0.043413,,,,-0.154222,-0.202183,,,-0.156471,-0.092063,-0.108456,-0.146418,,-0.097458,,,-0.053546,-0.104107,-0.139004,-0.061151,,,,,,,,
2010-02,0.029777,-0.011384,-0.033946,0.060311,0.048121,0.044596,-0.044097,0.022346,0.092896,0.103717,0.061194,0.028882,0.079172,0.077467,0.017367,0.090114,-0.010087,0.097078,0.069343,0.013267,0.039378,0.105808,0.016432,,,,-0.020713,0.078669,,,-0.031203,0.012238,0.004124,-0.002588,,0.021127,,,-0.006116,-0.003731,0.026506,-0.017625,,,,,,,,
2010-03,0.019277,0.038973,0.040264,0.037003,0.078219,0.039176,-0.065476,-0.058288,-0.069545,0.098669,-0.015002,-0.040846,-0.010004,0.222972,-0.068025,-0.088283,-0.04843,-0.054628,0.097838,-0.037549,0.028653,0.004349,-0.036182,,,,0.00208,0.064284,,,0.119502,0.001727,0.022587,0.055597,,-0.002299,,,-0.012308,-0.000535,-0.037559,-0.00702,,,,,,,,
2010-04,-0.073286,-0.140665,0.018297,-0.176644,-0.123464,-0.219188,-0.062102,-0.073501,-0.07914,0.270135,0.064255,0.091048,-0.143158,0.174862,0.123565,-0.163732,-0.187264,-0.137058,-0.169948,0.14194,0.026308,-0.08561,0.090256,,,,-0.082353,-0.177411,,,-0.019841,-0.106897,-0.088353,-0.067065,,-0.092166,,,-0.057632,0.037473,-0.023171,-0.043205,,,,,,,,
2010-05,-0.135204,-0.144841,-0.315826,-0.029728,-0.07288,-0.105263,-0.13073,-0.079332,-0.118302,0.149551,-0.002683,0.067789,-0.105651,0.133977,0.064234,-0.042105,0.022088,0.041505,-0.138577,-0.066757,-0.133595,-0.063024,-0.102564,,,,-0.106712,-0.060596,,,-0.081781,-0.119691,-0.024229,-0.092586,,-0.088832,,,-0.103306,-0.102683,-0.113608,-0.186371,,,,,,,,
2010-06,-0.117994,-0.080046,-0.088384,0.017534,-0.016629,-0.074208,0.051484,-0.164196,-0.037244,-0.132209,-0.215247,-0.144702,-0.184916,-0.161607,-0.095107,-0.206593,-0.034274,0.014878,-0.076812,0.000241,0.022624,-0.054432,0.019592,,,,-0.072604,-0.12745,,,0.031966,-0.089912,-0.046948,0.053505,,-0.014206,,,-0.043318,0.101208,-0.130986,-0.119072,,,,,,,,
2010-07,0.137124,0.138107,0.095726,0.257252,0.132206,0.285435,0.030019,0.137108,0.249389,0.219375,0.140571,0.069107,0.130912,0.122428,0.091351,0.139889,0.098108,0.16178,0.233909,0.18913,0.096324,0.064769,0.016837,,,,0.105143,0.16891,,,,0.126024,0.061576,-0.031984,,0.091168,,,0.044878,0.191123,0.019769,0.10882,,,,,,,,
2010-08,0.0,-0.075281,-0.085803,0.195908,-0.067493,-0.087452,-0.071038,-0.002402,0.07045,0.324249,0.113293,0.050754,-0.016364,0.162683,0.167175,0.116646,0.148266,0.037003,0.033079,0.190408,0.158336,0.181325,-0.036496,,,,0.008,-0.047177,,-0.035842,,-0.049892,-0.053364,-0.067336,,-0.062663,,,-0.040149,0.124507,0.050081,0.02376,,,,,,,,
2010-09,-0.029412,0.006075,-0.09215,0.065162,-0.043575,0.03,-0.003922,0.056126,0.026813,0.340426,-0.065807,0.111643,0.046827,0.251297,0.084572,0.070729,0.059662,0.035683,0.171182,0.180785,0.123827,0.169892,-0.032828,,,,-0.013784,-0.098635,,-0.02974,0.133091,-0.031963,-0.009804,-0.034529,,-0.036212,,,0.005895,-0.013645,0.118462,-0.020182,,,,,,,,
2010-10,0.366667,0.086585,0.457707,0.523821,0.125097,0.153722,0.062992,0.145714,0.188131,0.181759,0.037037,-0.030949,0.195409,-0.082948,0.040193,-0.042683,-0.033071,0.171842,-0.063091,-0.022601,-0.038397,0.013737,0.061358,,,,0.211351,0.17474,,0.057471,0.132917,0.125,0.079208,0.177427,,0.054913,,,0.099214,-0.040711,0.325997,0.146241,,,,,,,,
2010-11,-0.110865,-0.087542,-0.173436,0.022201,-0.104324,-0.15007,-0.059259,-0.038404,-0.144855,-0.219751,0.016807,0.239425,-0.057115,0.392938,0.44391,0.031847,0.255348,-0.090018,-0.138047,0.128898,0.140377,-0.09375,-0.068881,,,,-0.153497,-0.115243,,-0.054348,-0.053905,-0.109015,-0.023519,-0.12071,,-0.060274,,,-0.010724,0.379069,-0.150415,-0.144654,,,,,,,,
2010-12,-0.054863,-0.00861,-0.017941,-0.000462,-0.018391,0.047855,0.05315,-0.032158,-0.142523,0.008043,-0.072314,0.016382,0.002089,-0.10015,-0.102232,-0.055556,-0.101997,0.125249,0.171875,-0.094357,-0.167899,-0.045468,0.0,,,,0.020653,0.000832,,0.02682,-0.009349,0.018824,0.009524,-0.044415,,-0.002915,,,0.01355,-0.074694,0.002442,-0.012605,,,,,,,,
2011-01,0.01847,0.116625,-0.003971,0.0319,-0.014052,0.019685,0.140187,0.025723,0.183924,-0.159434,-0.106904,-0.170416,0.040646,-0.018041,-0.144918,-0.020697,-0.032242,-0.126905,-0.182222,-0.172041,-0.068479,-0.028453,0.036988,,,,-0.039255,0.081081,,-0.022388,-0.115028,0.152425,0.002358,-0.004695,,0.096491,,,0.017825,-0.092347,-0.119367,0.107447,,,,,,,,
2011-02,0.240933,-0.053333,0.173046,0.129032,0.019002,-0.044788,-0.036066,0.075758,0.061565,0.21582,0.054032,0.051407,0.278918,0.050876,0.04241,0.082314,0.003877,0.252538,0.14538,0.036835,0.076319,0.068773,-0.008917,,,,0.087195,0.003846,,-0.003817,0.001207,-0.0501,0.002353,0.008019,,-0.024,,,-0.000876,0.046603,0.149378,0.011527,,,,,,,,
2011-03,0.561587,0.001174,-0.050306,0.107937,0.094794,0.085691,-0.032313,-0.016999,,0.196411,-0.07571,-0.117228,-0.026233,-0.10355,-0.072584,-0.013361,0.006548,-0.086872,0.250297,0.045385,-0.099322,0.010468,0.024422,,,,0.127083,0.1,,0.057471,-0.006029,-0.056962,0.049296,-0.017782,,0.010929,,,0.042945,-0.110469,-0.084236,-0.050332,,,,,,,,
2011-04,-0.074866,0.012896,-0.052971,-0.012536,0.02626,-0.021593,0.026362,-0.093379,-0.012466,-0.007327,-0.017918,0.009594,-0.021311,0.08774,0.024593,-0.133333,0.013678,0.00497,-0.155598,0.098211,-0.01534,-0.090798,0.032622,,,,0.019251,0.017067,,0.065217,0.056005,-0.01566,0.020134,-0.033349,,0.078378,,,-0.015966,0.04509,0.014455,-0.059,,,,,,,,
2011-05,-0.011561,-0.06713,-0.028723,-0.083969,-0.038036,-0.054795,-0.02226,-0.035967,-0.091658,0.218833,-0.048653,-0.002273,-0.091619,-0.075967,0.023192,-0.080529,0.117876,-0.074532,0.08764,0.003998,0.024691,-0.093164,-0.100851,,,,-0.043508,-0.109521,,-0.034014,-0.067394,-0.056818,0.0,-0.057664,,-0.06015,,,-0.059778,-0.119561,-0.076425,-0.069075,,,,,,,,
2011-06,0.222515,0.037221,0.056809,0.07381,-0.043134,0.170394,-0.08056,-0.043414,0.132326,0.014775,-0.006393,-0.024732,0.120359,0.085202,0.008084,0.016993,0.043327,0.066794,-0.082645,0.040407,-0.04475,0.281966,0.008892,,,,0.08921,-0.050035,,0.00493,-0.009033,-0.038554,0.018421,0.001569,,0.0912,,,0.005777,-0.014535,0.015428,-0.043379,,,,,,,,
2011-07,-0.088623,-0.055893,-0.054281,-0.052661,-0.051459,-0.047316,-0.01981,-0.081144,-0.082711,-0.058519,-0.003676,0.084418,-0.04062,0.038567,0.154531,-0.01671,0.080087,-0.087657,-0.058559,0.137901,0.12973,0.032967,-0.065187,,,,-0.01493,-0.008902,,-0.042857,-0.069816,-0.109023,-0.047085,-0.055467,,-0.096774,,,-0.019284,0.124841,0.155387,-0.068758,,,,,,,,
2011-08,-0.134034,-0.052767,-0.016168,-0.055003,-0.040486,0.048711,-0.048828,-0.12111,-0.090642,-0.093234,-0.036313,-0.043077,-0.051811,0.024934,-0.055907,0.173856,0.039092,-0.116535,0.037081,0.048802,0.060074,-0.069989,-0.062315,,,,-0.092287,-0.002246,,-0.026119,-0.084719,-0.102857,-0.025882,-0.100508,,-0.038462,,,-0.074906,0.094808,-0.027223,-0.09715,,,,,,,,
2011-09,-0.156297,-0.044837,-0.075596,-0.10774,-0.066667,-0.157559,0.051335,-0.017225,0.034304,-0.098065,-0.096618,-0.065595,-0.065217,-0.09472,-0.11056,-0.286192,-0.112586,-0.181818,0.004614,-0.136124,-0.082247,-0.164359,-0.009494,,,,-0.05974,-0.070518,,-0.057471,-0.172109,-0.076433,-0.038647,-0.074702,,-0.034286,,,0.015415,-0.154296,-0.190299,-0.114778,,,,,,,,
2011-10,-0.077338,0.030303,0.066667,0.042332,0.094033,0.114595,0.0625,-0.021422,0.022528,-0.134182,0.052406,-0.006882,-0.056568,-0.016009,0.199246,0.021841,0.071462,0.125272,0.105626,-0.067156,0.145902,-0.07781,0.047923,,,,0.06472,0.073446,,0.089431,0.152219,0.075862,0.085427,0.13365,-0.011236,-0.008876,,,0.001013,0.137749,0.043779,0.092382,,,,,,,,
2011-11,-0.138402,-0.005602,-0.105,-0.1751,-0.073554,-0.106693,-0.034926,-0.064677,-0.171971,-0.065519,-0.050813,0.072765,-0.117921,0.045613,0.051005,-0.082443,0.028647,-0.175218,-0.154725,0.039038,0.057701,0.024219,-0.007622,,,,-0.058933,-0.083459,,-0.052239,-0.088418,-0.086538,-0.030093,0.025135,-0.121753,-0.086567,-0.134387,,-0.04251,0.021429,-0.057395,-0.130564,,,,,,,,
2011-12,-0.067873,0.011268,-0.095903,0.012107,0.058876,0.085776,-0.001905,-0.182979,0.045085,-0.154382,-0.085653,-0.049096,-0.02568,-0.133093,-0.035389,-0.169717,-0.079787,0.048122,-0.262899,-0.098,-0.0789,0.036613,-0.023041,,,,-0.002363,0.027071,,0.031496,-0.023256,-0.115789,0.011933,0.029772,0.106285,-0.04902,-0.06621,,0.029598,-0.082867,-0.105386,-0.201365,,,,,,,,
2012-01,0.182039,0.08078,0.100927,0.133174,0.065712,0.05,-0.068702,0.05599,0.067185,0.237311,0.010539,-0.116848,0.05969,-0.070833,-0.110736,0.018036,-0.035644,0.031355,0.063333,-0.129395,0.000489,-0.008094,0.02044,,,,0.060008,0.107029,,0.030534,0.11324,0.031746,0.014151,0.064626,0.050125,0.054983,0.007335,,0.048255,-0.057186,0.162304,0.08547,,,,,,,,
2012-02,0.080082,-0.018041,0.103835,0.026038,0.017391,0.057143,0.002049,0.077682,0.045063,0.18707,0.070684,0.03,0.085589,0.171093,0.061732,0.155512,0.09683,0.138979,0.122257,0.235947,0.124755,0.134273,0.006163,,,,0.027561,0.032468,,0.018519,0.064684,0.061538,0.030233,-0.004792,0.145585,0.065147,0.087379,,0.030362,0.093409,0.06982,0.13189,,,,,,,,
2012-03,0.131179,-0.05643,-0.017797,-0.158436,-0.075369,0.017117,-0.134969,-0.117849,-0.059607,0.207889,-0.001082,-0.020538,-0.119272,-0.070103,-0.013286,-0.110733,-0.036682,-0.019066,0.178771,-0.096703,-0.041322,-0.066056,-0.001531,,,,-0.071765,-0.069182,,-0.025455,-0.103871,-0.112319,-0.022573,-0.125201,-0.065278,-0.067278,-0.078125,,-0.078897,-0.055473,-0.134737,-0.13913,,,,,,,,
2012-04,0.013445,-0.001391,0.121657,0.151589,0.02521,0.10806,0.023641,0.042802,0.037087,0.063062,0.020585,0.028212,0.087988,-0.046563,0.001013,0.076628,0.14013,0.084548,0.113744,0.191625,0.010889,0.070028,-0.006135,,,,0.04998,0.074324,,0.014925,0.112903,0.114286,0.009238,0.112538,0.105498,0.108197,0.108959,,0.024768,0.132341,0.046229,0.072727,,,,,,,,
2012-05,0.054726,-0.041783,0.059231,0.057325,-0.044262,0.090328,-0.053118,-0.018657,0.022107,0.250528,0.111465,0.068669,0.109398,-0.0315,0.19381,-0.078292,0.053972,0.092294,0.193617,0.028716,0.019973,-0.013089,0.064815,,-0.044101,,-0.032726,-0.042628,,-0.029412,0.028986,0.010989,-0.034325,-0.042881,0.143145,-0.005917,0.00655,,-0.048338,-0.062241,-0.044186,-0.045198,,,,,,,,
2012-06,-0.229068,-0.056886,-0.082789,-0.068273,-0.027444,0.013416,-0.092683,-0.133163,-0.090967,-0.10724,-0.005731,0.099158,-0.116479,-0.035106,0.073925,0.212355,0.010436,-0.02461,-0.07754,0.00864,-0.084112,-0.132891,-0.014493,,-0.078893,,-0.101115,-0.026257,,0.030871,0.091907,-0.068841,-0.015877,0.064331,0.06523,0.017857,-0.052061,,-0.02491,0.044248,-0.055961,-0.084813,,,,,,,,
2012-07,0.02459,-0.039683,-0.032462,-0.144397,-0.091575,0.005291,-0.034005,-0.047267,-0.083275,-0.099088,0.062076,-0.00209,-0.018727,-0.146067,0.119354,0.022293,0.047196,-0.046075,-0.131401,-0.083842,-0.086492,-0.144504,0.005088,,-0.281001,,-0.01379,-0.038521,,-0.027027,-0.027328,0.003113,-0.050633,0.02459,-0.082584,-0.065868,-0.192677,,-0.020994,-0.002126,-0.028351,-0.103448,,,,,,,,
2012-08,0.022,-0.001653,-0.128478,-0.146096,0.016129,-0.174561,0.061798,-0.085271,-0.113281,-0.112799,0.0,0.048168,-0.041221,-0.058271,-0.047774,-0.132075,-0.108262,-0.065295,0.068966,0.045468,0.070213,-0.007188,-0.016717,,0.031646,,-0.032476,-0.013622,,-0.015873,-0.121835,-0.027668,0.018667,-0.048533,-0.1188,-0.028846,-0.108883,,-0.005643,-0.035156,0.002725,-0.064904,,,,,,,,
2012-09,-0.001957,0.008278,0.15362,-0.027356,0.007937,0.143464,-0.02381,0.086441,0.192952,0.077996,-0.023744,0.009324,0.101911,0.180306,0.093617,0.019928,0.118493,0.084211,0.012487,0.054017,0.058648,0.058824,-0.001546,,0.01227,,0.072727,-0.02437,,-0.008065,0.083398,0.02439,-0.018325,0.059417,0.218207,0.013201,0.003215,,0.013905,0.041958,0.089674,0.087404,,,,,,,,
2012-10,0.156863,0.040067,-0.076336,-0.064583,-0.007874,0.032528,-0.03794,-0.051482,-0.042836,-0.162647,-0.047708,-0.008578,-0.010838,,-0.036701,-0.053286,0.006265,0.002648,0.040082,0.193693,0.01831,-0.059829,-0.006192,,-0.012121,,-0.000435,0.032473,,0.01626,-0.074869,0.075397,0.018667,-0.081481,0.096977,-0.009772,0.092949,,-0.01139,0.075238,-0.049875,-0.021277,,,,,,,,
2012-11,-0.183051,-0.033708,-0.080808,-0.092428,-0.005952,0.032403,-0.107042,-0.046053,0.085648,0.086055,-0.09332,-0.072879,-0.051132,-0.193912,-0.05036,0.061914,-0.126668,-0.017606,-0.181818,-0.200793,-0.083449,-0.079091,-0.009346,,-0.076687,,-0.055217,0.020968,,0.04,-0.059794,0.055351,0.015707,0.016705,-0.053042,0.026316,-0.067449,,-0.024194,-0.150788,-0.055118,0.014493,,,,,,,,
2012-12,0.120332,0.149502,0.334665,0.299387,0.372255,0.185702,0.104101,0.113793,0.253731,0.21119,0.136511,0.080402,0.201694,0.120979,0.162185,0.181979,-0.03236,0.200717,0.236715,0.147658,0.105634,0.246792,0.080189,,0.129568,,0.16659,0.318325,,0.076923,0.241502,0.062937,0.069588,0.212465,0.301483,0.25,0.201258,,0.067296,0.060735,0.063889,0.05,,,,,,,,
2013-01,-0.014815,0.021676,0.136228,0.086874,0.04,-0.027941,0.028571,0.22291,-0.043084,-0.060614,0.043851,0.084718,0.06278,-0.001871,-0.021667,-0.061286,-0.144101,0.041791,0.0,-0.175468,0.165605,0.126683,0.098981,,0.219118,,-0.031558,0.193529,,0.1,0.064694,0.046053,0.060241,-0.036916,0.173418,-0.064103,-0.002618,,0.024336,0.01787,0.010444,-0.034014,,,,,,,,
2013-02,-0.058271,0.022631,-0.034914,0.024327,-0.06993,-0.030257,-0.011111,-0.025316,-0.00237,-0.053724,0.059361,0.009188,0.041591,0.04875,0.138138,-0.014331,-0.0218,-0.055874,0.023438,0.068996,0.076112,,-0.037086,,0.031363,,-0.065173,-0.00251,,-0.025974,-0.023849,-0.034591,-0.043182,-0.082969,0.083423,0.065753,0.018373,,-0.022678,0.04837,-0.043928,-0.018779,,,,,,,,
2013-03,0.021956,0.02213,-0.169283,-0.148431,-0.050376,-0.104524,-0.008427,-0.137662,-0.12114,-0.104236,0.043103,0.02003,0.052662,-0.129917,0.041969,-0.0937,-0.035086,-0.034143,0.244275,-0.182734,0.149075,,0.022008,,-0.154386,,-0.05098,-0.129341,,-0.1,-0.112598,-0.087948,-0.038005,-0.092593,0.077332,-0.133676,-0.134021,,-0.039779,0.127136,-0.062162,-0.088517,,,,,,,,
2013-04,-0.080078,-0.08931,0.020542,-0.027888,-0.038005,0.013066,0.011331,0.0,0.006757,-0.074782,-0.032231,-0.093127,0.02199,0.247945,-0.035214,-0.057041,0.03038,0.00707,-0.059816,-0.107298,-0.07702,,-0.040377,,0.029046,,-0.059229,0.049711,,-0.003704,-0.046924,-0.003571,0.0,-0.022741,0.105669,0.020772,0.002976,,-0.024166,-0.065191,-0.097983,-0.115486,,,,,,,,
2013-05,0.021231,0.001486,0.045894,-0.053279,0.117695,0.072227,0.053221,0.302711,0.048993,0.010874,0.063194,0.028215,-0.015062,0.291987,-0.017552,0.175803,0.132824,-0.01092,0.116639,0.060097,-0.034884,,0.060309,,0.224462,,-0.000488,0.020925,,0.01487,0.002512,0.021505,0.032099,-0.00716,0.033714,0.09593,0.071217,,0.004717,0.060331,-0.015974,0.020772,,,,,,,,
2013-06,-0.147609,-0.164095,-0.220169,-0.187229,-0.099411,-0.186688,-0.170213,-0.056272,-0.15483,-0.246298,-0.158233,-0.07224,-0.09029,-0.103144,0.14894,-0.161765,0.008569,-0.11041,-0.344047,-0.109155,0.119542,0.163809,-0.084656,,0.045005,,-0.172852,-0.203344,,-0.041575,-0.122444,-0.14386,0.0189,-0.16887,-0.030386,-0.132626,-0.202216,,-0.09142,-0.097093,-0.227273,-0.125,,,,,,,,
2013-07,-0.060976,0.047847,0.051333,-0.08522,-0.086207,0.028254,0.022404,-0.007453,-0.028009,0.13081,0.090649,0.268968,-0.019975,-0.105157,0.009441,0.05653,-0.124084,0.039413,0.290646,-0.113061,0.104859,-0.039442,0.045029,,0.215336,,0.001181,-0.0413,,-0.004065,-0.0771,0.143443,-0.032338,-0.03141,0.047149,0.013761,-0.000694,,0.061761,0.030479,0.067227,-0.099668,,,,,,,,
2013-08,0.015625,0.006849,0.06385,0.087336,0.00566,0.024534,0.028571,0.105131,0.066993,0.238983,0.028871,-0.043049,0.075159,0.133982,-0.047341,0.077491,0.001662,0.132275,-0.004314,0.029913,0.011285,0.086545,-0.028986,,0.322385,,0.03625,0.172185,,0.008163,0.086658,-0.027957,0.002571,0.045249,0.20275,0.0,0.032727,,-0.030941,0.240279,0.081967,0.173432,,,,,,,,
2013-09,0.007692,0.027211,0.114234,0.041551,0.043654,-0.05364,0.012346,0.366931,0.035988,-0.035568,0.202597,0.136207,-0.037322,-0.046205,0.031226,0.109589,-0.194573,0.037383,-0.017331,-0.182752,0.278398,-0.05,-0.007463,,0.1,,0.005428,0.051789,,0.012146,0.029834,0.011278,-0.010256,-0.003608,0.145035,0.003115,0.09507,,0.021852,0.110397,-0.015152,0.08805,,,,,,,,
2013-10,-0.002545,0.015766,-0.035801,-0.055851,-0.016484,-0.037449,0.04878,-0.095278,0.059867,-0.107092,0.240461,-0.128403,0.075077,-0.09481,-0.145055,0.108025,-0.006106,0.165916,0.085538,-0.050301,-0.079454,0.026928,-0.028571,,-0.098633,,-0.019796,0.05282,,0.02,0.031373,0.063197,-0.010363,0.015206,-0.176194,0.024845,0.025723,,0.0,-0.132722,-0.05,-0.095376,,,,,,,,
2013-11,,0.059867,0.088608,0.009859,0.015829,-0.064143,0.0,0.084249,0.072524,0.05282,0.009286,0.06877,0.135661,0.087156,0.001428,0.038997,0.046851,0.108822,0.33225,0.109384,-0.009968,0.287247,0.017028,,0.075148,,0.034884,-0.090136,,0.027451,0.128734,0.041958,-0.005236,0.121255,0.068916,-0.006061,0.018809,,0.008929,-0.028102,-0.008097,0.079872,,,,,,,,
2013-12,0.09949,-0.062762,-0.011628,-0.104603,-0.001833,-0.073034,-0.06686,-0.094595,-0.080624,-0.15994,0.126509,0.121015,0.043347,0.04571,-0.103347,0.199732,-0.092336,0.132404,-0.009756,0.001557,-0.040275,-0.114352,-0.038052,,-0.055181,,-0.064459,-0.052336,,-0.053435,0.00409,-0.100671,-0.057895,-0.037532,-0.084704,-0.042683,-0.055385,,-0.025284,-0.000859,-0.057143,-0.023669,,,,,,,,
2014-01,-0.074246,-0.004464,-0.091765,-0.074766,-0.048669,-0.058182,-0.065421,-0.060523,-0.082037,-0.061967,-0.083716,-0.013428,-0.044444,-0.051782,-0.080585,-0.002235,0.029755,0.086154,-0.230296,-0.155959,-0.092886,0.25196,-0.045886,,-0.000649,,-0.125158,-0.077909,,-0.040323,-0.062066,-0.100746,-0.047486,-0.093192,-0.112218,-0.047771,-0.100977,,-0.022049,-0.035817,-0.030303,-0.048485,,,,,,,,
2014-02,0.095238,0.204036,-0.064767,-0.031987,-0.041506,-0.131274,0.02,0.045407,-0.021572,0.005266,0.211699,-0.036296,-0.114257,0.329078,-0.003114,0.026876,0.134796,-0.138338,0.1024,-0.001228,-0.009309,-0.037578,-0.00995,,-0.182468,,-0.00289,-0.024599,0.076923,-0.021008,-0.016352,-0.012448,-0.020528,0.009475,-0.154856,-0.056856,-0.021739,,0.019894,0.127489,0.0625,0.038217,,,,,,,,
2014-03,-0.080092,-0.063315,-0.027701,-0.033043,-0.011078,0.127407,0.0,-0.089899,0.090551,-0.046667,-0.07908,-0.072833,-0.002854,-0.246531,-0.132462,-0.06325,0.031196,-0.110137,-0.145138,-0.054087,0.020216,-0.095879,-0.033501,,0.04448,,0.002174,0.04386,-0.0553,0.038627,-0.024416,0.05042,0.032934,-0.030325,0.051149,0.031915,0.014815,,-0.011704,-0.123616,-0.054622,0.104294,,,-0.058648,,,,,
2014-04,-0.09204,-0.001988,0.081671,-0.057554,0.021385,0.003942,0.039216,-0.007769,0.048375,-0.033966,-0.055417,-0.003883,-0.057241,-0.007082,0.033338,-0.052386,0.059341,-0.054803,-0.028014,-0.049383,0.035445,0.060461,-0.013865,,0.027376,,0.027477,0.068277,-0.017073,0.0,0.042066,0.004,-0.002899,0.013403,0.010163,0.030928,-0.007299,,-0.010526,-0.015639,-0.013333,-0.147222,,,0.050658,,,,,
2014-05,0.016438,0.015936,-0.006146,-0.005725,0.011964,0.024084,0.029371,-0.006711,0.00551,0.007756,0.045983,0.071034,0.023072,-0.061341,-0.004517,0.089681,-0.065048,-0.019544,-0.09083,-0.053999,-0.084906,-0.008462,0.059754,,0.003701,,0.007741,-0.033432,0.022333,0.028926,0.018906,0.01992,0.034884,0.028655,-0.101524,0.006667,0.025735,,0.010638,-0.029025,-0.013514,-0.022801,,,0.008636,,,,,
2014-06,-0.021622,0.062745,0.012367,-0.03263,0.008867,-0.011952,0.003106,-0.028941,0.047945,0.018663,0.020212,0.023773,-0.058754,0.020517,0.019316,0.10372,0.047853,0.011296,0.080692,-0.015173,-0.024448,0.180486,0.031509,,0.143068,,0.015363,0.020346,0.002427,0.012048,-0.002257,0.007813,0.025758,-0.006429,-0.116928,-0.018874,,,0.012842,0.052234,-0.004566,-0.003333,,,-0.027307,,,,,
2014-07,0.099448,-0.009488,0.148342,0.119048,0.141602,0.211694,0.092879,0.08245,0.143137,0.129771,-0.072313,-0.003317,0.146438,0.155289,0.134271,0.060063,0.128821,0.098238,0.026667,0.220633,0.226147,-0.040357,0.141543,,0.08,,0.11967,0.149551,0.142857,0.070238,0.134215,0.124031,0.061947,0.113152,0.21581,0.113475,,,0.06366,0.021792,0.142202,0.103679,,,0.007092,,,,,
2014-08,0.20603,0.059387,-0.009119,-0.005319,-0.04607,-0.056572,-0.01983,-0.010881,0.039288,0.007658,-0.001068,0.024206,-0.040852,-0.062338,-0.06982,-0.002982,-0.012729,-0.016656,0.045887,-0.024676,0.000754,0.161342,0.092375,,0.166567,,-0.02147,-0.067751,-0.034783,-0.035714,-0.047512,-0.008276,-0.038889,-0.012541,0.032185,0.0,,,-0.016209,0.11019,-0.053942,0.012121,,,0.085681,,,,,
2014-09,0.165104,-0.025316,0.033359,0.065574,-0.016098,-0.021164,0.034682,0.09681,0.067927,-0.025034,0.032538,0.095126,0.038392,0.186288,0.012225,-0.020937,0.024648,-0.008783,0.088576,0.050601,-0.024849,0.034819,0.060403,,0.065742,,0.034574,-0.00969,0.288288,0.024691,-0.021412,0.113879,0.020231,0.039439,-0.042205,0.079618,0.097849,,0.008555,0.010406,0.087719,0.215569,,,0.014595,,,,,
2014-10,0.007168,-0.00566,-0.003754,0.022222,0.039461,0.03964,0.013966,-0.026078,-0.012168,0.008712,0.018908,0.050715,0.03004,-0.036778,0.067512,-0.043788,-0.033615,0.046203,0.101901,0.018663,-0.073745,0.003365,0.04557,,-0.053976,,-0.02635,0.062622,0.038462,0.028112,0.040155,0.322684,0.036827,0.039228,0.007234,0.026549,0.318493,,0.006418,-0.004225,0.060484,0.012315,,,0.010389,,,,,
2014-11,0.124555,0.02277,0.300678,0.098662,0.125,0.247834,0.082645,0.065911,0.107503,0.022727,0.047423,-0.084211,-0.000561,-0.04303,0.000566,0.055378,-0.005361,0.035088,0.032436,0.123522,0.022509,-0.06774,0.061743,,-0.089659,,0.055446,0.117864,0.109428,0.113281,0.154186,0.229469,0.103825,0.398515,0.189357,0.201149,0.096104,,0.042092,0.115354,0.064639,0.29927,,,0.052992,,,,,
2014-12,0.291139,0.204082,0.964079,0.519026,0.365432,0.502778,0.259542,0.196135,0.08544,0.150222,0.038386,0.050743,0.222222,-0.078531,-0.008593,-0.061554,0.216761,0.084746,-0.092914,0.204103,0.167142,0.041727,0.216648,,0.1662,,0.268918,0.359143,0.009105,0.301754,0.50534,0.827112,0.205446,0.511062,0.140544,0.741627,0.99763,,0.323133,0.055635,0.207143,0.348315,,,0.00025,,,,,
2015-01,0.22549,-0.070878,-0.178171,-0.184369,-0.135624,-0.031423,-0.086869,-0.008078,0.05496,0.018161,0.06019,0.086179,-0.002755,0.101718,0.116218,0.165591,-0.065605,0.074892,,-0.060288,-0.046455,0.078039,-0.045923,,0.18762,,-0.061114,-0.12303,-0.094737,-0.067385,-0.072547,-0.124731,-0.067762,0.056515,0.066185,-0.192308,-0.173191,,0.076781,0.037613,0.06213,-0.106944,,,0.140175,,,,,
2015-02,0.028,0.048093,0.059943,0.046683,0.025105,-0.027672,0.25,-0.007329,0.075497,-0.025047,0.012517,-0.008597,0.007366,0.017467,0.023398,,0.078282,0.024561,,-0.053928,0.034432,0.048687,-0.014735,,0.072727,,-0.023622,-0.015895,0.008306,-0.034682,0.014288,0.054054,0.008811,0.038248,0.105643,0.090136,0.162123,,-0.0189,0.095073,-0.011142,-0.03577,,,0.051592,,2.022487,,,
2015-03,0.151751,0.014241,0.111412,0.188967,0.059184,0.127576,-0.031858,0.182116,0.020525,0.057999,0.094481,0.14222,0.102377,0.271613,0.163139,,0.0257,0.264188,,0.088452,0.092422,0.175626,0.085743,,0.946893,,0.080108,0.289326,0.344316,0.098802,0.113261,0.472028,0.061135,-0.010945,0.061862,0.196568,0.220988,,0.027145,0.018038,0.216901,0.2,,,0.074113,,-0.116849,,,
2015-04,0.143581,0.266771,0.046923,0.024679,0.170199,0.302872,0.740402,0.22068,0.086082,0.188742,0.109722,0.236659,0.026119,0.129219,0.20309,,0.28715,0.049149,1.046426,0.048758,0.181848,0.396207,0.213039,,0.026698,,0.130413,0.05719,0.238971,0.079019,0.13318,0.687253,0.113169,0.02726,0.011344,0.421121,0.848332,,0.141517,,0.212963,1.056452,,,0.178387,,0.142716,,,
2015-05,-0.062038,-0.112069,-0.116123,0.254335,-0.008233,-0.193053,-0.098739,-0.035816,-0.111852,0.062829,0.238095,0.100684,0.10101,0.153288,0.431578,0.824723,0.04599,0.082626,0.514224,-0.010762,0.127263,0.307964,-0.001514,,0.111551,,-0.094672,-0.043792,0.041543,-0.080808,-0.036319,-0.15955,-0.062847,-0.073568,-0.104943,-0.145872,-0.204595,,-0.109783,,0.330153,-0.12549,,,0.079795,,0.58196,,,
2015-06,-0.182677,-0.005548,-0.113928,-0.252074,0.035971,-0.036755,-0.145688,-0.126769,-0.057548,-0.204735,-0.150323,-0.075665,-0.102783,-0.228064,-0.164839,-0.196629,-0.023424,0.03339,-0.06088,0.228895,-0.062035,-0.243847,0.116755,,-0.197757,,0.050097,-0.041134,-0.220323,0.019231,-0.040964,-0.231267,0.04142,-0.100397,-0.076059,-0.088937,-0.213205,,-0.049497,0.290888,-0.265423,-0.067265,,,-0.109314,,-0.270833,,,
2015-07,-0.156069,-0.150142,-0.227425,-0.214654,-0.040064,-0.194396,-0.146344,-0.097232,-0.090265,-0.218853,-0.107118,0.008756,-0.149297,-0.190913,-0.070196,-0.218055,-0.099992,-0.246555,-0.399342,-0.344547,-0.086772,0.011195,,,-0.200127,,-0.184173,-0.09913,-0.255501,-0.02372,-0.1794,-0.040175,-0.036856,-0.09834,-0.228485,-0.162455,-0.133157,,-0.01271,-0.057919,-0.201172,-0.189103,,,0.000626,,-0.356767,,,
2015-08,-0.09589,-0.175,-0.261573,-0.093298,-0.014451,-0.086957,0.058158,-0.129447,-0.101765,-0.062809,-0.116099,-0.011796,-0.096257,-0.048984,-0.16051,-0.092683,-0.055408,-0.101968,,-0.15127,-0.066628,-0.115485,,,-0.242256,,-0.087596,-0.061776,-0.17734,-0.130814,-0.092298,-0.11796,-0.132505,-0.09915,-0.142771,-0.119253,-0.207528,,-0.193868,-0.143065,-0.112219,0.149209,,,-0.059449,,-0.117578,,,
2015-09,-0.103535,-0.024242,-0.098872,-0.078261,0.042229,-0.04881,-0.082443,-0.083478,-0.028902,-0.04744,-0.028369,0.040315,-0.142012,-0.108668,-0.07917,-0.032258,-0.0259,-0.09761,,-0.028644,-0.045313,-0.138157,,,-0.040881,,-0.067655,-0.001372,-0.117764,0.013378,-0.008254,-0.056083,0.031026,0.003538,0.157355,-0.057096,-0.053915,,-0.072427,-0.015998,-0.050562,,,,0.04358,,-0.088608,,,
2015-10,0.109859,0.061181,0.16863,0.055031,0.009004,0.091364,0.099834,0.124288,0.057738,0.155731,0.136405,0.137692,0.160502,0.197322,0.209725,0.128704,0.123745,0.094923,,0.142857,0.035761,0.193343,,,0.347541,,0.042847,0.048764,0.081448,0.036304,0.121567,0.125229,0.05787,0.037603,0.079132,0.074394,0.160109,,0.063183,-0.012624,0.079882,,,,0.082244,,0.298246,,,
2015-11,-0.048223,-0.023857,0.110901,-0.043219,-0.040714,0.100917,-0.059002,-0.014346,0.076533,-0.050616,-0.031313,-0.058421,-0.075095,-0.092996,-0.052268,0.063167,0.002104,,,-0.048739,-0.074074,-0.061731,-0.061161,,0.115166,,-0.025845,0.024885,0.008368,0.003185,0.009256,-0.091795,0.010941,-0.006795,0.044482,-0.00161,-0.064327,,-0.04,-0.031577,-0.052055,,,,0.005007,,0.614865,,,
2015-12,-0.037333,0.010183,0.097561,0.024922,0.04593,0.108333,-0.006431,0.007705,0.109252,0.010086,-0.026523,-0.007276,0.04264,0.082414,0.252093,0.096451,0.018105,,0.727656,0.161543,0.113898,-0.015738,0.008178,,-0.007273,,0.018367,0.090735,0.008299,0.025397,0.065089,-0.023256,-0.008658,0.076017,-0.013923,0.022581,0.00375,,-0.005952,0.186437,0.017341,-0.22442,,,0.036049,,-0.087866,,,
2016-01,-0.180055,-0.116935,-0.250646,-0.268997,-0.166759,-0.181391,-0.34466,-0.274427,-0.122526,-0.182596,-0.225628,-0.104235,-0.234174,-0.221823,-0.32621,-0.165376,-0.080389,,-0.40776,-0.182148,-0.188071,-0.206973,-0.106932,,-0.237363,,-0.104876,-0.1529,-0.187243,-0.074303,-0.161667,-0.271062,-0.104803,-0.277994,-0.307309,-0.190852,-0.214197,,-0.106587,-0.224414,-0.207386,-0.394678,,,-0.222631,,-0.410168,,,
2016-02,-0.070946,-0.006849,-0.015172,0.016632,-0.028686,0.04248,-0.007407,-0.04918,-0.015575,-0.028796,-0.013194,0.022045,-0.057059,-0.030817,-0.029558,0.164418,0.071069,-0.245968,,-0.050127,-0.026237,-0.018762,-0.058629,,0.017291,,0.017164,-0.019364,0.103797,0.0,-0.038767,-0.084171,-0.017073,-0.027397,-0.015588,0.0,-0.066561,,-0.024129,-0.096522,0.121864,0.010989,,,-0.056041,,-0.0849,,,
2016-03,0.076364,0.094253,0.246499,0.163599,0.105082,0.022026,0.09204,0.121921,0.094381,0.139263,0.110306,0.050256,0.144298,0.144674,0.223655,,0.152296,0.132353,,0.220441,0.121632,0.126998,0.077193,,0.194523,,0.031548,0.095205,0.004587,0.070234,0.096518,0.104252,0.064516,0.200201,0.11084,0.111111,0.096774,,0.04533,0.098412,0.044728,0.103261,,,0.1835,,0.494334,,,
2016-04,0.027027,0.023109,-0.076404,-0.050967,0.10317,-0.03556,-0.079727,-0.04281,0.013958,0.059148,-0.031109,-0.011645,0.106441,-0.029861,-0.037246,,0.014376,-0.016529,,-0.003831,0.031572,-0.077741,0.004072,,-0.016601,,0.051209,0.037991,0.121005,-0.025,0.00723,-0.070807,-0.006993,-0.090947,-0.071272,-0.033333,-0.026316,,-0.024967,-0.035706,-0.018349,-0.067323,,,-0.045928,,-0.076777,,,
2016-05,0.003289,-0.008214,0.02129,-0.057407,0.014085,-0.012849,-0.009901,-0.026376,-0.002458,0.119881,-0.001554,-0.015853,-0.013648,-0.020043,0.081997,-0.023896,0.052826,0.098439,0.030078,0.148352,0.055223,-0.073037,0.010543,,-0.028537,,-0.056157,0.004963,-0.09776,0.022436,0.021223,-0.030749,0.023474,-0.003227,0.033058,-0.00363,-0.044515,,-0.006739,0.003635,-0.046729,-0.065141,,,0.040084,,0.610883,,,
2016-06,-0.062295,-0.010352,-0.033353,-0.013752,-0.027778,0.01649,-0.0332,0.003534,0.0,-0.113032,0.003112,0.049891,0.08805,-0.003726,0.184785,-0.047904,0.103792,-0.029508,0.0736,0.061244,0.081765,0.026363,0.002408,,0.083887,,0.008602,-0.021605,0.167043,0.003135,-0.020782,-0.038621,0.018349,-0.017576,-0.014019,0.005464,-0.049917,,-0.015617,0.00679,0.101307,-0.043315,,,0.018767,,0.185468,,,
2016-07,-0.013986,0.014831,-0.000616,0.037849,0.02,0.041715,0.11811,0.080998,0.211927,0.01728,0.136172,0.089005,0.104046,0.116679,0.163964,-0.059748,0.093865,0.255856,-0.073025,0.011271,0.112178,0.018182,0.088631,,0.124904,,0.064677,0.014436,0.098646,0.024,0.021223,-0.018651,0.021014,0.005764,0.299763,0.071429,0.055517,,-0.001383,0.022965,0.047478,0.015748,,,0.048026,,-0.051075,,,
2016-08,0.035461,0.043841,0.07275,0.017274,0.085664,0.0901,0.004695,-0.003322,-0.049505,-0.013294,0.079593,-0.007784,0.06911,0.016745,-0.078068,0.053512,-0.009452,-0.042048,0.004823,-0.024423,-0.091154,0.077164,0.041541,,0.032016,,0.023192,0.039457,0.02993,0.032154,0.057152,0.103216,0.053488,0.031041,-0.042844,0.122807,0.057143,,0.044321,0.037564,-0.037464,-0.003876,,,-0.012555,,0.008215,,,
2016-09,-0.047945,-0.0122,-0.046154,0.034026,-0.033816,-0.020408,-0.030374,-0.042222,-0.010417,-0.07485,0.006429,0.016382,0.006856,0.075099,-0.010352,-0.042857,-0.039589,-0.032443,-0.1528,-0.094576,-0.043917,-0.093048,-0.035533,,-0.108911,,0.013333,-0.006223,-0.02735,-0.024922,0.004091,-0.053619,-0.022075,-0.008337,0.018095,-0.035938,-0.049285,,-0.039615,-0.034276,-0.038922,-0.015564,,,-0.034965,,-0.229559,1.253926,,
2016-10,0.010791,0.030864,0.030397,0.074954,-0.007778,-0.046875,0.236145,0.027842,0.083753,0.016181,0.012351,0.047446,0.015564,-0.0625,0.005858,0.008292,0.067269,-0.015779,0.015581,0.165899,0.116698,0.020111,0.011278,,0.028148,,0.111184,0.02129,0.147627,0.009585,0.013173,0.191218,0.0,0.019617,-0.011225,0.163695,0.135452,,0.01662,-0.000665,0.021807,0.039526,,,0.030962,,0.150255,,,
2016-11,0.060498,0.021956,0.068633,0.105442,0.038634,0.079781,0.298246,0.090293,0.066301,0.034236,0.001262,0.015605,-0.000479,0.010458,-0.004992,0.059211,0.003554,0.072144,0.056253,0.002635,0.0995,0.001143,-0.008178,,-0.008646,,0.002368,0.032495,-0.160796,0.015823,0.049697,0.165279,0.020316,0.181402,0.025544,0.533426,0.184094,,0.038147,-0.011987,0.085366,0.136882,,,0.022364,,0.066899,,,
2016-12,-0.063758,0.056641,-0.095211,-0.061538,-0.051213,-0.075911,0.097598,-0.054865,-0.071287,-0.055427,-0.027731,-0.029023,0.031624,0.075679,-0.042851,-0.01087,0.04723,-0.076636,-0.058099,0.095926,-0.110212,-0.065639,-0.050975,,-0.02689,,-0.0443,-0.041568,-0.114964,-0.034268,-0.024773,-0.095918,-0.024336,-0.065917,0.020295,-0.195277,-0.097015,,0.043307,-0.024938,-0.061798,-0.123746,,,-0.083438,,0.045171,,,
2017-01,0.053763,0.114603,0.026152,0.127869,0.079545,0.009858,-0.105335,0.032859,0.08145,0.018745,0.076923,0.051209,0.134696,,-0.012011,-0.021978,0.030735,0.023279,-0.125701,-0.011191,0.046023,0.060171,0.029226,,0.090366,,0.064277,0.057621,0.092784,0.035484,0.030483,0.0,0.043084,0.067663,0.045208,0.009029,-0.001377,,0.08805,0.054147,0.071856,0.034351,,,0.064098,,0.094967,,,
2017-02,0.057823,-0.046434,0.004248,0.061047,0.023158,0.027115,0.074924,0.09544,0.016562,0.0304,0.034109,0.053523,0.073271,,0.061671,-0.00321,0.029731,0.07913,0.084981,0.200485,-0.019011,-0.034572,-0.004605,,0.008219,,-0.01626,-0.018746,0.043396,0.012461,-0.007669,0.020316,0.019565,-0.001944,0.132353,-0.010067,0.049655,,-0.048555,0.073661,-0.002793,0.127306,,,-0.010253,,0.520384,,,
2017-03,-0.025723,-0.001739,-0.026586,-0.013699,-0.013889,0.006336,0.062589,0.083253,-0.015516,-0.059783,0.095072,0.07819,0.033944,,0.047054,0.009662,0.089381,0.116407,0.024138,-0.013805,0.047065,0.004775,0.02313,,0.074728,,0.142857,-0.032239,0.117541,0.027692,0.021529,-0.025442,0.031983,-0.014414,-0.038961,0.039548,0.009198,,-0.043742,0.154112,-0.053221,-0.032733,,,0.126902,,-0.115286,0.180536,,
2017-04,-0.0033,0.006969,0.007449,-0.023611,-0.002087,-0.011542,,0.012511,0.07368,-0.059455,0.046775,-0.012884,0.027665,,0.097236,0.019139,0.070194,0.000821,0.020202,0.058723,-0.034373,0.024295,0.046722,,0.071429,,0.005682,-0.046268,-0.037217,0.011976,0.025669,-0.003405,0.008264,0.032806,0.00318,0.017391,0.083333,,-0.008895,-0.062445,0.0,-0.069374,,,0.077851,,-0.086293,-0.057306,,
2017-05,0.015232,0.084775,0.012939,-0.018492,0.171981,0.028662,,-0.128861,0.103486,-0.037752,0.072444,0.116595,0.014214,,-0.031171,-0.13928,0.071249,0.162428,-0.099481,-0.003225,0.095838,-0.285007,0.066235,,-0.121534,,0.100154,0.070505,0.003361,0.047337,0.187302,0.014806,0.07582,0.074627,-0.015848,0.009615,-0.045673,,0.002564,0.020508,-0.029586,-0.027273,,,0.057003,,-0.099514,-0.111027,,
2017-06,0.0,-0.054226,0.03528,0.178261,0.099465,0.061404,,0.106223,0.087463,0.034672,-0.02178,0.016067,0.238219,0.079375,0.146839,0.029091,0.065268,0.062103,-0.020419,0.122291,0.112313,0.111564,0.038488,,0.156187,,0.040616,0.055589,0.184255,-0.00565,0.100732,-0.026936,0.0,-0.030627,0.101077,0.04709,-0.002519,,-0.011765,0.129794,0.045732,,,,0.047252,-0.116616,0.426091,-0.113478,,
2017-07,0.283105,0.059022,0.019389,0.04674,0.069427,0.054162,,0.017425,-0.029308,0.642542,-0.059374,0.012058,0.209497,-0.014164,-0.074214,0.274194,0.034242,-0.06711,0.234099,0.192851,-0.044465,0.061538,0.035312,,0.306433,,,0.053381,0.202263,0.102273,0.059665,0.021915,0.094152,0.02298,-0.021821,0.063017,0.034773,,0.057217,-0.041473,0.087464,0.358879,,,-0.050025,,0.053636,-0.086236,,
2017-08,-0.007117,-0.016367,0.070893,-0.078731,0.046148,-0.019029,0.076305,-0.044719,-0.013603,-0.027942,0.01578,0.057422,0.040127,-0.027586,-0.032207,0.050633,0.020635,0.016952,-0.016024,0.140093,0.130393,0.013458,-0.015122,,-0.042525,,,-0.006194,0.021454,0.016173,0.077086,0.004289,0.07078,0.060507,-0.031538,-0.029155,0.009864,,-0.00246,0.037383,0.021448,0.071527,,,0.047496,,0.281387,0.344585,,
2017-09,-0.032258,-0.001664,-0.002194,-0.022989,-0.04486,0.008729,-0.077114,-0.017928,0.015473,-0.108347,0.168489,0.106945,0.169858,-0.023641,0.065277,0.262383,0.053935,0.075552,0.191021,0.182599,0.179245,0.064692,0.006008,,0.377747,,0.072678,-0.020397,0.026838,0.013263,-0.024451,-0.018161,0.016949,-0.052272,-0.026211,-0.071071,-0.019536,,-0.006252,0.150817,0.032,-0.115533,,,0.167817,0.210422,0.114672,0.362552,,
2017-10,-0.037037,0.011864,-0.047828,0.07451,0.060665,0.047115,0.02965,0.018256,0.043061,-0.099814,0.165253,0.121809,-0.120285,0.024213,0.16289,0.043478,0.193938,0.146455,0.145602,0.061217,0.074545,-0.027502,0.05574,,0.113675,,-0.008118,0.008676,-0.106818,-0.020942,0.188331,0.034682,0.016667,0.131939,-0.050571,0.023707,-0.026152,,0.035044,0.199478,-0.046512,0.005806,,,0.081874,0.112341,0.038264,0.252265,,
2017-11,0.0,0.01005,0.107968,0.09878,0.069742,0.157025,-0.089005,-0.003984,-0.019371,-0.022727,-0.079819,-0.030344,0.038296,0.120567,-0.091661,0.142276,0.020986,-0.000578,0.124194,-0.176481,-0.029442,-0.098652,0.034569,,-0.024071,,0.145883,0.002867,0.091603,0.0,0.086389,-0.03352,-0.029508,-0.013376,-0.021478,0.015789,-0.070332,,-0.012092,0.007735,0.070461,-0.092352,,0.853493,-0.046226,0.222263,-0.107718,,,
2017-12,-0.053846,0.016584,-0.0568,0.006659,0.001035,0.123016,-0.090517,-0.009,0.037565,0.028189,0.213857,0.058138,-0.014545,-0.035865,0.026974,0.077402,0.105372,0.089647,-0.032138,0.184577,0.122385,-0.018242,-0.052855,,0.137683,,-0.026471,-0.028588,-0.048951,0.024064,0.000858,-0.030058,0.047297,-0.017108,0.00878,-0.065285,-0.006878,,-0.009792,0.040777,0.162025,0.076312,,-0.009946,0.100204,0.25965,-0.053222,,,
2018-01,0.00813,0.154976,0.176243,0.01323,0.169538,0.217668,0.102686,-0.010091,0.073346,-0.078821,-0.087865,0.097275,,-0.073851,0.159652,-0.014038,0.09613,0.125265,-0.273347,0.147921,0.059335,-0.074322,0.019885,,0.056531,,0.138973,0.09947,0.231618,0.164491,0.072878,0.011919,0.206452,-0.00624,0.062663,0.121951,0.015235,,0.113721,0.181839,0.117647,0.069424,,0.165139,0.047584,-0.223127,0.246417,,,
2018-02,-0.044355,-0.094633,-0.149366,-0.099021,-0.107248,-0.1509,-0.080229,-0.081549,-0.021809,-0.026042,-0.016999,-0.04241,,-0.041347,-0.005594,-0.155779,-0.050906,-0.077358,0.117503,-0.162336,-0.048387,0.040145,0.035849,,-0.105195,,-0.084502,-0.043897,-0.131343,-0.073991,-0.097496,-0.102473,-0.108289,-0.11236,0.051597,-0.099802,0.001364,,-0.112098,0.021061,-0.103314,-0.167127,,-0.109666,-0.018808,0.043451,0.2101,,,
2018-03,-0.080169,0.01092,0.025953,-0.050725,-0.039934,-0.079289,-0.101246,-0.021088,0.010999,-0.006112,0.115038,0.200469,,0.035736,0.138584,0.053571,-0.057882,-0.099182,0.029573,0.003102,-0.122034,0.090699,-0.027322,,-0.005225,,-0.137003,-0.06551,-0.116838,-0.053269,-0.036157,-0.032808,-0.086957,-0.053984,-0.113707,-0.049396,-0.085831,,-0.045,0.010504,-0.054348,-0.023217,,0.116888,0.026401,0.211164,-0.020412,0.206474,,
2018-04,-0.045872,0.066358,0.022067,0.109415,0.00825,-0.025241,-0.010399,-0.099773,-0.061158,-0.035357,-0.135536,-0.04057,,0.029149,0.126295,0.109228,-0.03085,-0.027242,0.08156,-0.032381,-0.077571,-0.050955,0.005618,,0.004377,,0.004317,-0.034751,0.037613,-0.025575,-0.067677,0.004071,-0.014778,-0.035419,-0.040422,-0.031178,-0.052161,,0.001309,-0.015876,-0.052874,-0.042445,,0.050198,0.106765,-0.085833,-0.080564,-0.112856,,
2018-05,-0.177885,0.02026,-0.018431,-0.072248,-0.018752,-0.060168,-0.049037,-0.015113,0.135296,-0.036653,0.203588,0.187099,,-0.013295,0.191419,-0.028862,0.13373,0.172695,,0.211694,0.180746,-0.102908,0.062073,,-0.012493,,-0.025788,-0.011173,0.00625,-0.010945,0.020365,0.009459,-0.056667,0.00204,0.016484,-0.01907,-0.081761,,0.043137,0.299213,-0.089806,0.085106,,0.118337,0.209295,0.005601,-0.041013,-0.128112,,
2018-06,-0.093567,-0.022695,-0.111052,0.108776,-0.081306,0.02107,-0.090276,-0.113811,-0.034759,-0.055831,-0.105854,-0.00486,0.23669,-0.05331,0.00907,-0.388298,-0.011544,-0.024776,,-0.024205,-0.078311,-0.066958,-0.016949,,-0.308903,,-0.022549,-0.055242,0.021118,-0.041783,-0.037824,,-0.060071,-0.066775,-0.101555,-0.045079,-0.066336,,-0.026228,-0.040207,-0.013333,-0.196078,-0.267926,-0.080288,-0.017347,,-0.067451,0.000645,,
2018-07,0.080645,0.041602,0.017502,0.031215,0.105522,-0.005738,0.058943,0.027417,-0.036582,-0.023726,-0.106064,-0.090945,0.121973,0.005696,0.028768,0.026087,-0.006863,-0.1054,,-0.030529,-0.05233,0.067652,0.043371,,-0.061114,-0.080855,-0.032096,0.072917,-0.023358,0.05814,0.051553,,0.107293,0.041297,-0.108961,0.062271,0.057836,,0.002594,0.090359,-0.019391,-0.083333,-0.145129,-0.047045,-0.038838,,-0.004514,0.05916,,
2018-08,-0.095808,0.011834,-0.02847,-0.00973,-0.003522,0.012366,0.076775,-0.024602,-0.085634,-0.078308,-0.200541,-0.039495,-0.032575,0.011328,-0.106557,-0.096045,-0.092575,-0.13581,,-0.214368,-0.08472,-0.010071,-0.06057,,-0.1321,-0.174924,0.005438,-0.023948,-0.015769,-0.002747,0.022403,-0.023695,-0.037168,-0.057569,-0.187429,-0.068966,-0.05291,,0.040103,-0.097821,-0.039548,-0.093126,0.041025,-0.128625,-0.032212,,-0.276287,-0.048895,,
2018-09,0.099338,0.064327,0.044431,-0.013333,0.084836,-0.008958,-0.00713,0.063798,0.141681,-0.000977,0.080479,-0.04006,-0.13854,0.09832,-0.015747,0.042188,0.10742,0.109469,,-0.000211,0.061157,0.019924,0.035398,,0.044118,-0.030637,0.102758,0.057692,0.161549,0.071625,0.097491,0.082173,0.060662,0.026244,0.106892,0.016667,-0.003724,,0.151592,0.073548,0.05,-0.002445,0.095266,-0.057167,0.156204,-0.047347,0.067936,-0.188346,,
2018-10,-0.024096,-0.113764,0.028161,-0.113739,-0.057999,0.035333,-0.02693,-0.030683,-0.185397,0.026393,-0.194929,-0.030236,-0.333176,-0.016997,-0.234643,-0.04048,-0.248082,-0.233656,,-0.316134,-0.140187,-0.052785,-0.047009,,-0.045775,0.098609,-0.017165,0.010658,-0.01954,-0.005141,-0.071095,-0.048906,-0.024263,-0.035714,-0.221093,-0.020036,-0.115888,,-0.093784,-0.21082,-0.042017,-0.071078,-0.058347,-0.10914,-0.184722,-0.180374,-0.366673,-0.223036,,
2018-11,-0.055556,-0.064976,-0.0169,0.02033,-0.012452,0.039683,-0.02583,-0.014388,-0.083364,-0.073333,0.096063,0.062845,0.019774,0.013256,0.049032,0.325,0.029331,0.086098,,0.108534,0.079257,0.030276,-0.080717,,0.372694,0.201381,-0.063872,-0.011166,-0.094959,-0.077519,-0.0022,-0.028417,-0.053286,-0.01326,0.003263,0.072491,-0.004228,,-0.084236,0.028502,-0.008772,0.081794,-0.084911,-0.073547,-0.018584,0.151361,0.007704,0.092834,,
2018-12,-0.03268,-0.144068,-0.050978,0.038605,-0.117338,-0.1,-0.020833,-0.008759,0.073239,-0.098664,-0.164152,-0.194041,-0.030817,0.054039,0.065806,-0.023585,0.044265,0.007273,-0.306557,-0.022315,-0.039866,-0.074957,0.10662,,-0.062366,-0.148467,-0.042644,-0.062735,-0.036269,0.008403,-0.116396,-0.026462,-0.007505,-0.055144,-0.089431,-0.012132,0.031847,,-0.052562,0.090382,-0.014749,-0.014634,-0.061317,-0.039474,0.085687,-0.131758,-0.114672,-0.172817,,
2019-01,-0.006757,0.134653,0.140537,0.093525,0.159127,0.092451,0.027079,0.033873,-0.002625,-0.025086,-0.001719,0.119431,0.168274,0.033459,0.019965,0.23913,0.168794,0.155235,-0.027922,0.139515,0.056818,0.012891,0.034635,,0.271789,0.340987,0.10412,0.097724,0.13172,0.033333,0.122638,-0.042918,0.069943,0.116233,0.178571,0.073684,0.028807,,0.015257,-0.094684,-0.107784,0.039604,0.00895,0.071918,0.050872,-0.037768,-0.130189,0.086168,,
2019-02,0.204082,0.048866,0.287514,0.139254,0.086614,0.025621,0.210923,0.132479,0.064662,0.246784,0.238915,0.217612,0.249847,-0.034987,0.198574,0.159844,0.094852,0.03,0.411392,0.241612,0.11828,0.147273,-0.007912,,0.221821,0.722603,0.030761,0.089024,0.06057,0.021505,0.111623,0.100149,0.015901,0.246924,0.192424,0.004902,0.126,,0.069672,0.170642,0.201342,0.192857,0.189991,0.213845,0.060581,0.394272,0.459336,0.359137,,
2019-03,0.033898,-0.044925,0.05402,0.230029,0.068683,0.077971,0.055988,0.041509,-0.079449,0.045966,0.034746,0.09491,0.11402,0.142316,0.084679,0.021849,0.131098,0.038228,0.037254,0.219399,0.076553,0.045959,0.034969,,-0.0369,0.269881,-0.040607,0.017357,-0.00224,-0.018421,0.101271,-0.012228,-0.031304,-0.002114,-0.005083,-0.004878,0.024867,,-0.029374,0.098433,-0.019553,0.053892,0.043836,0.068609,0.130673,0.2526,-0.0191,0.104239,,
2019-04,-0.071038,-0.010453,-0.070218,-0.041471,0.015625,-0.052669,-0.017673,-0.066425,0.050249,-0.078924,-0.022834,0.005044,-0.006589,-0.055898,0.003481,0.17352,0.140529,0.004091,0.137346,-0.050273,0.088973,-0.079167,0.0,,0.072404,-0.085714,0.00408,0.096313,0.012346,0.008043,0.116732,-0.031637,0.043088,0.069915,0.15198,0.001634,-0.074523,,-0.025,0.105736,-0.054131,0.085227,-0.056491,-0.170936,0.029758,0.109536,-0.224326,-0.183187,,
2019-05,0.035294,-0.044014,-0.126302,-0.014694,-0.006967,-0.061527,-0.110945,-0.071151,-0.125274,0.278481,-0.149828,-0.054601,-0.114747,-0.081786,-0.06765,0.090399,-0.086242,-0.074505,0.05117,-0.015845,-0.031935,-0.033237,0.049793,,0.04978,-0.015411,-0.066023,-0.117972,-0.032151,-0.021277,-0.069686,-0.086648,-0.034423,-0.137954,-0.052106,-0.084829,-0.078652,,-0.035088,-0.00129,-0.021084,-0.165794,-0.105287,-0.029709,0.133289,-0.233577,-0.013067,-0.071945,,
2019-06,-0.039773,0.055249,0.182812,0.083679,0.051739,0.049342,0.047774,0.009749,0.064718,-0.018279,0.022635,0.061776,0.124869,0.018579,0.077209,-0.087013,0.121954,0.087421,-0.075939,0.221691,0.113296,-0.027825,0.010728,,-0.026018,-0.083478,0.108211,0.08025,0.058419,0.025516,0.121646,0.013997,0.049911,0.090352,0.001211,0.054902,0.075203,,-0.025175,0.152604,0.16,0.050209,0.094444,-0.039396,0.047904,0.307381,-0.031254,0.129529,,
2019-07,-0.060947,-0.036563,-0.02436,0.099388,0.042246,0.113636,-0.037338,0.005517,0.023529,-0.124611,0.039526,0.014242,0.02781,0.031652,-0.097222,0.035562,-0.011585,-0.026605,0.20891,-0.018248,-0.066148,0.034786,0.083799,,0.113371,-0.080645,-0.01423,0.045927,0.059524,0.0,-0.005868,-0.004908,0.000102,0.048376,0.013301,0.024348,-0.043894,,-0.053779,0.020869,-0.002653,-0.065737,0.056368,-0.046664,-0.048571,0.225642,0.097137,0.128028,,
2019-08,-0.050633,-0.055028,-0.024107,-0.046034,-0.062363,-0.053483,-0.013491,-0.074543,0.009662,0.033808,0.063498,0.195847,0.016598,-0.082715,-0.04125,0.006181,0.174172,-0.033809,0.138197,0.143236,-0.081731,0.002553,-0.005342,,0.074621,0.001032,-0.027069,-0.102457,-0.059197,-0.055556,-0.008741,-0.055031,-0.044326,-0.028292,-0.02506,-0.071307,-0.056452,,-0.059908,0.055028,0.0,-0.021322,0.334051,-0.038462,0.147848,0.311979,0.072712,0.345092,,
2019-09,-0.026667,0.032129,0.007168,0.060134,0.013711,0.063197,0.02735,-0.012158,-0.051834,-0.064544,-0.086076,0.00787,-0.012525,0.182081,0.021763,-0.130375,0.007005,-0.038341,0.546489,0.007296,-0.004538,-0.071732,-0.020945,,-0.051356,0.16129,0.004815,0.020967,-0.019101,0.017647,0.005383,-0.001664,0.025974,-0.047487,-0.057528,-0.007313,-0.010684,,0.024134,-0.025346,-0.106557,0.037037,0.0,0.069421,-0.04151,0.114127,0.072967,0.105131,,
2019-10,-0.061644,-0.023904,-0.034698,-0.056723,0.021583,0.007692,0.021631,-0.012308,-0.011775,-0.075437,0.007519,0.126425,0.033069,0.07335,0.065175,-0.00157,0.026096,0.045752,0.0638,0.151209,0.01683,-0.033379,-0.020296,,-0.129241,-0.005376,-0.018104,0.067884,-0.040092,0.052023,0.012408,-0.04,0.068716,0.217249,0.166234,-0.034991,-0.036717,,-0.050081,-0.029121,0.033639,-0.031513,0.085006,-0.13694,0.016104,0.121089,-0.0877,0.058811,,
2019-11,-0.065693,0.018367,-0.013364,0.074981,0.01493,0.001388,-0.070033,0.010903,-0.010638,-0.010945,-0.012176,-0.054798,0.06139,0.046014,-0.080538,0.029874,-0.043228,0.06625,0.288564,0.00382,0.003103,-0.040681,0.015118,,0.044221,0.008559,-0.066703,0.009081,0.011933,-0.005495,-0.051067,-0.019097,-0.020305,-0.019133,0.037862,-0.024809,-0.085202,,-0.04932,-0.072496,0.053254,0.02603,-0.064633,-0.019699,-0.042085,0.138285,0.241955,0.074514,,
2019-12,0.03125,0.024048,0.181691,0.177486,0.04302,0.121275,0.031524,0.024653,0.025806,0.090543,0.057654,0.018859,0.160297,-0.077526,0.101122,0.00229,0.04783,0.143025,-0.045408,0.00403,0.063596,0.069034,0.013789,,0.04109,0.357749,0.06043,0.048174,0.060142,0.019337,0.022004,0.051327,0.015544,0.062786,-0.050429,0.099804,0.063725,,0.042934,0.061456,0.289326,0.114165,0.046937,0.076726,0.004954,0.145367,0.291899,0.238755,0.200733,
2020-01,-0.05303,-0.033268,-0.055336,-0.059824,-0.02049,-0.052534,-0.040747,-0.043609,-0.051992,-0.064576,-0.015789,0.00537,-0.075841,-0.142115,0.172204,0.031226,-0.110059,-0.047692,0.351351,0.022074,-0.009696,-0.004151,-0.066921,,0.169956,0.115132,-0.053151,-0.061111,-0.066741,-0.04607,-0.023052,-0.063973,-0.027211,-0.074849,-0.056497,-0.02669,-0.062212,,-0.03259,-0.078134,-0.065359,-0.098672,0.039839,-0.053275,-0.00279,0.293933,0.198274,0.381229,0.09518,
2020-02,-0.064,-0.068826,-0.020921,0.087336,-0.070905,0.056099,-0.030088,-0.02044,-0.017691,-0.102564,0.026738,-0.044323,-0.093816,0.091359,-0.067474,0.274003,0.003989,-0.083468,0.11496,-0.059228,-0.056462,0.06994,-0.006997,,0.056799,-0.049853,-0.074074,-0.06993,-0.058403,-0.03125,-0.06911,-0.034173,-0.073427,-0.087105,0.05988,-0.018282,0.044226,,-0.101064,-0.042683,-0.030303,-0.149474,0.106587,-0.043369,-0.071169,-0.061062,-0.199364,0.282827,0.312089,
2020-03,-0.017094,-0.036957,-0.052991,-0.007458,-0.05614,-0.081532,-0.047445,0.17175,-0.076992,-0.012088,0.22247,0.094423,-0.123087,-0.004034,0.034971,-0.326957,0.051088,-0.153937,-0.271723,0.045565,0.032861,-0.082251,0.015267,,-0.190879,-0.036635,0.015,-0.079815,-0.053165,-0.01173,-0.11001,0.001862,-0.028302,-0.105603,0.00452,-0.018622,-0.072941,,-0.088757,-0.143949,-0.112981,0.017327,-0.146321,-0.077557,0.256979,-0.105154,-0.221752,-0.333379,-0.04679,
2020-04,-0.06087,0.006772,0.069495,0.135838,0.087051,0.092132,0.0,0.031507,-0.078049,0.004449,0.023433,0.01054,0.090909,0.017722,0.128319,0.301464,0.139244,0.073611,0.05133,0.189953,-0.020764,0.167453,0.009254,,0.240338,0.127618,-0.019089,0.044626,0.008021,0.026706,0.076478,0.089219,0.003883,0.083523,-0.093363,-0.005693,-0.093909,,-0.038961,0.358631,0.059621,-0.124088,0.124655,-0.054021,-0.017896,0.247466,0.17103,0.147969,0.169176,
2020-05,0.018519,-0.071749,-0.060338,-0.067176,-0.036193,-0.065271,-0.049808,-0.087649,-0.051852,0.124031,-0.085638,0.017957,0.061778,-0.079104,0.046132,-0.081006,0.079719,0.070505,-0.083685,0.193831,-0.027018,-0.028283,-0.003438,,0.051931,-0.086025,0.028249,-0.031288,-0.049072,-0.017341,-0.032904,-0.104096,-0.009671,-0.103013,-0.008685,-0.045802,-0.044818,,-0.042793,0.108762,-0.033248,-0.122222,0.046477,0.060541,0.130399,-0.056047,-0.057201,-0.024095,0.019011,
2020-06,-0.018182,-0.009662,0.082622,0.023459,-0.002957,0.029248,-0.012016,-0.014556,-0.00279,-0.081773,0.100813,0.172808,0.075516,0.094003,0.165962,0.268613,0.08291,0.069486,0.288096,0.138865,0.122671,-0.023701,0.089132,,0.262882,0.238743,-0.046398,-0.019876,0.005579,-0.005882,0.009758,-0.04381,0.023984,0.062891,-0.002503,-0.009,0.014663,,0.001412,0.521585,0.164021,0.098101,0.273023,0.116194,0.082681,0.100065,0.196797,0.219867,0.278199,
2020-07,0.083333,0.023018,0.242638,0.147655,0.067616,0.05548,0.049587,0.313885,0.070041,0.331545,0.849926,0.022535,0.35207,0.063704,0.199413,0.570771,0.147175,0.038136,0.208416,0.243724,0.176678,0.576405,0.005808,,0.394549,0.234891,0.067549,0.040684,0.171983,0.009438,0.063025,0.109562,-0.004016,0.367879,0.729275,0.054507,0.228266,,0.062053,0.582289,0.352273,0.247839,0.169772,0.152158,0.206431,0.018618,0.10036,-0.018694,0.150506,0.015476
2020-08,-0.008547,0.0075,0.078104,0.048792,0.083046,0.032051,0.021654,-0.064147,0.026403,-0.004835,-0.119074,0.005192,0.084332,0.054118,0.233399,-0.106227,0.064546,0.238889,-0.092009,0.093601,0.144963,0.21074,0.050626,,0.114085,0.074851,0.054142,0.031928,0.004944,-0.006192,0.009486,0.035727,0.0,0.19704,0.044944,0.021869,-0.033254,,-0.004494,-0.144033,0.22906,0.256351,-0.027345,-0.069524,0.220682,-0.183865,-0.060804,-0.138099,-0.15807,-0.041274
2020-09,-0.008621,-0.029777,-0.05566,0.12421,-0.044839,-0.013043,-0.065511,0.074663,0.025188,-0.130364,-0.104159,-0.053231,-0.054441,-0.119643,-0.033908,0.089344,-0.066051,-0.021525,-0.153556,0.004918,-0.082022,-0.075941,-0.008808,,0.185367,-0.046872,0.019183,-0.001856,0.03198,-0.012461,0.005743,-0.0375,-0.008065,0.01717,0.370609,-0.011673,-0.07371,,-0.052506,0.071827,-0.144645,0.053309,-0.076517,-0.036165,-0.115175,0.056843,-0.136205,-0.132411,-0.002629,0.00738
2020-10,-0.008696,0.015345,-0.04662,0.042587,0.105833,-0.033354,-0.016495,-0.06492,0.210141,-0.062384,0.10731,-0.010911,0.132612,0.052738,-0.05762,0.155004,0.000911,0.139322,-0.139141,0.13588,0.031948,-0.114182,-0.008887,,0.015465,-0.141108,0.010929,0.103534,0.042908,-0.006309,0.020587,-0.003711,0.0,0.037137,0.240586,0.005906,0.018568,,-0.009732,-0.105589,0.136585,0.141361,0.110542,0.065133,-0.011721,0.116423,0.146728,0.124718,-0.007545,-0.027473
2020-11,0.061404,0.074359,0.05833,0.18343,0.110274,0.121094,0.027254,0.038977,0.14514,0.344588,-0.043766,-0.03208,0.034527,0.13632,-0.088443,0.003257,0.026281,0.084875,0.047714,0.069119,-0.04883,0.240285,0.060654,,-0.095934,0.0215,0.178378,0.180899,0.193143,0.044444,0.156752,0.052142,0.081301,-0.079644,0.175801,0.062622,0.098958,,0.058968,-0.031093,0.329041,0.51682,-0.083304,0.301429,-0.006242,0.087971,0.315234,0.061068,-0.019633,0.361582
2020-12,-0.033058,-0.038186,-0.029703,0.139043,-0.005656,-0.081301,-0.089796,0.189918,-0.078084,-0.033235,0.038269,0.296197,0.121182,0.126325,0.27983,0.248052,0.165755,0.083055,-0.060721,0.55929,0.17412,0.309576,-0.04724,,0.342067,-0.039121,-0.082059,-0.007136,-0.105364,-0.045593,-0.033878,-0.067257,-0.06203,-0.094789,0.355683,-0.084715,-0.080569,,-0.037123,0.461957,0.0,0.230847,0.303784,-0.146067,0.259673,0.072688,0.515673,-0.044,0.280055,0.067312
2021-01,-0.017094,-0.019851,-0.035714,0.156661,0.162685,-0.127054,-0.060538,0.256158,-0.102291,0.359817,-0.157807,-0.069083,0.228032,0.107264,0.116033,0.19667,0.059149,0.09038,0.064444,-0.002318,-0.003831,0.004044,0.02714,,0.166486,-0.04619,-0.03387,0.106852,0.086724,0.003185,-0.090825,0.003795,0.02004,-0.058349,0.108701,-0.032193,-0.025773,,-0.014458,0.040892,0.033369,0.01638,0.234709,0.324462,-0.016904,0.253007,0.248676,-0.078481,0.009732,0.018575
2021-02,0.33913,0.141772,-0.038801,0.016065,0.0,0.125272,0.033413,-0.048627,-0.031449,0.16236,0.012536,-0.01889,0.169946,-0.03501,-0.00355,0.021304,0.003119,-0.091994,-0.043272,-0.163773,-0.022172,0.009901,0.003557,,-0.028731,-0.118323,0.020115,0.068398,0.056158,0.034921,0.077137,0.079395,0.05501,-0.082711,-0.25167,0.049896,0.02381,,0.066015,0.047313,0.269792,0.018533,-0.136227,0.052156,-0.124017,-0.022758,-0.097758,0.057692,-0.190361,-0.143766
2021-03,0.012987,-0.039911,-0.123303,-0.169302,0.0,-0.084299,-0.013857,-0.077494,-0.074353,-0.075882,-0.135752,-0.095383,-0.192661,0.096865,-0.035396,-0.303108,-0.0536,0.078147,-0.027971,0.062919,-0.073808,-0.242439,0.08557,,-0.157572,-0.099377,0.132394,-0.023906,0.031716,0.042945,-0.076074,0.035026,0.031657,-0.04041,-0.030602,0.027723,0.064599,,-0.013761,-0.005943,-0.210829,0.06962,-0.02422,-0.045064,-0.074696,-0.092798,-0.23058,-0.112312,-0.035714,-0.081228
2021-04,-0.057692,-0.011547,-0.001674,-0.095754,0.031311,-0.016163,-0.004684,0.101877,0.019827,0.064331,0.513948,-0.086763,-0.014773,0.026975,0.18243,0.076054,-0.001105,0.06254,-0.129592,0.232722,0.022983,-0.168897,-0.068563,,0.129545,-0.100597,-0.044279,-0.097551,0.017179,-0.058824,-0.060991,-0.087986,-0.074007,0.039283,0.109525,-0.04817,-0.072816,,-0.011628,0.019309,0.14657,0.352071,0.132311,0.342697,0.060701,0.178366,0.189555,0.130794,0.17284,-0.108895
2021-05,0.115646,0.03271,0.094759,-0.019106,0.104175,-0.034286,0.023529,-0.032441,0.010967,0.079607,0.152058,0.026159,0.058789,-0.027205,0.131414,0.145927,0.105253,-0.089345,0.026377,0.128263,-0.011233,0.424914,-0.005508,,0.027163,0.188745,0.040083,0.063017,0.056,0.01875,-0.009655,0.0,0.015595,0.100695,0.106491,-0.010121,0.020942,,0.087059,0.07215,0.018132,0.169037,0.053228,0.076151,0.058808,-0.005025,0.265134,-0.017037,0.031579,0.112523
2021-06,-0.054878,0.015837,-0.04481,-0.020469,-0.06874,-0.109467,0.008483,0.094719,0.083333,-0.05462,0.039337,-0.052561,0.000368,-0.090068,0.170096,0.078246,-0.064025,-0.1412,0.106796,-0.032126,-0.070141,-0.01241,0.039275,,0.220627,-0.07586,-0.023023,-0.076071,-0.002525,-0.013773,-0.104735,-0.027829,-0.007678,-0.068956,0.178427,-0.005174,-0.007692,,0.163939,-0.099851,-0.137133,0.429106,0.126023,0.201531,-0.060542,0.07085,0.106053,0.389074,0.008673,0.551387
2021-07,0.83871,-0.084862,-0.094226,-0.146199,-0.118786,-0.168605,-0.046296,0.177432,-0.137005,1.304348,0.141134,-0.199941,0.045028,0.349398,-0.183582,-0.001156,-0.183649,-0.035893,0.129876,-0.105804,-0.093402,0.031209,-0.045543,-0.037736,-0.032868,-0.160356,-0.036373,-0.140146,0.010127,-0.033003,-0.165059,0.040076,-0.060735,-0.154913,0.392751,-0.04086,0.282326,,-0.115312,-0.196934,0.070175,-0.248265,-0.042084,0.360811,-0.110973,-0.061832,0.14711,0.224321,-0.1692,0.646914
2021-08,0.319298,0.067669,0.154493,0.056809,0.052903,0.210789,0.01699,0.621282,0.053435,0.216562,-0.226917,-0.168812,-0.061731,0.11639,-0.051776,0.411384,-0.072061,0.097918,0.091749,-0.02965,0.018568,0.241203,0.017895,-0.101307,0.041201,0.07446,0.176471,0.046972,0.227395,0.010239,-0.070244,0.068311,0.006536,0.03,0.089112,0.076233,0.275154,,0.055556,-0.052739,0.083902,0.174405,-0.114667,1.063157,-0.171493,-0.198616,0.070305,-0.33471,-0.239329,0.296637
2021-09,-0.156915,0.084507,-0.015576,-0.030118,0.030433,0.231782,-0.019093,-0.011415,-0.012422,-0.237119,-0.173776,0.111283,0.000469,0.025707,0.089757,-0.164918,0.174583,-0.033629,-0.215249,0.136855,0.108498,-0.218713,0.137539,0.34,-0.078024,0.10436,0.133,-0.010811,0.079504,-0.006757,-0.030862,0.005329,0.008658,0.033287,-0.204477,0.0,0.363929,-0.059211,0.242996,0.138902,-0.091809,-0.166827,0.150602,-0.168758,0.158139,0.002148,-0.262535,-0.052663,0.135551,-0.115296
2021-10,-0.113565,-0.047085,0.023734,-0.097484,0.069772,-0.104775,-0.007299,0.113814,0.062893,0.142986,-0.043977,-0.019709,-0.011991,0.084099,0.091803,0.123479,-0.002142,0.040153,0.171898,-0.044374,0.140584,0.112239,-0.034091,-0.017639,0.184408,-0.084466,-0.122242,0.018033,-0.15473,0.0,0.043218,-0.072438,0.002146,0.0,0.298479,-0.029167,-0.030697,0.02331,-0.088186,0.032538,0.03667,-0.043403,-0.096793,-0.08201,0.063818,0.09641,0.073985,0.169115,0.042214,0.461912
2021-11,0.02847,-0.049412,-0.08153,-0.046167,-0.083009,0.102707,-0.037059,-0.152536,-0.016272,0.063636,0.12,0.018887,-0.092159,0.063704,0.082534,-0.215097,0.05733,0.000735,0.117894,0.028259,-0.08907,0.087559,-0.080941,-0.077638,-0.105128,-0.009191,-0.017597,-0.03328,-0.05036,-0.010204,-0.027234,0.009524,-0.019272,-0.008389,-0.119706,-0.004292,-0.199756,-0.025057,-0.140511,-0.234709,-0.029637,0.050817,0.043403,-0.063361,-0.040335,0.023985,0.165241,-0.111557,-0.082769,-0.066028
2021-12,-0.034602,0.04703,0.111064,0.041096,-0.015761,0.12852,0.012887,-0.075142,0.034085,-0.149015,-0.126071,0.010763,0.05483,-0.033325,-0.022036,0.00089,0.061753,0.09809,0.05379,0.018579,0.058463,-0.013677,0.162314,0.131024,-0.013956,0.043525,0.152508,0.05719,0.026936,0.010309,0.045417,0.092453,0.010917,0.018274,-0.189108,0.077586,0.229833,0.011682,0.042463,0.067948,-0.044335,0.075993,-0.176528,-0.144884,-0.064025,0.140943,-0.147527,0.167663,-0.021563,0.078901
2022-01,-0.16129,-0.009456,-0.011493,-0.116667,0.010265,0.004479,-0.05598,-0.119036,-0.095492,-0.18821,-0.130977,-0.192467,-0.105446,-0.125656,-0.182798,-0.169262,-0.079512,-0.074941,-0.172467,-0.128666,-0.081766,-0.240782,-0.034361,-0.086551,-0.186659,-0.09641,0.000888,0.096639,0.027869,0.006803,-0.008728,0.074266,0.006479,-0.084081,-0.176761,0.04,0.071782,-0.039261,0.022403,-0.058566,0.006186,-0.137507,-0.116208,-0.204365,-0.082295,-0.182032,-0.10824,-0.208985,-0.081925,-0.156274
2022-02,0.145299,0.033413,-0.051626,-0.026316,0.011989,0.007643,0.02965,0.082038,-0.029475,0.323561,-0.003057,-0.021245,0.049253,0.01,0.011393,0.148594,-0.051192,-0.078119,0.090654,0.062075,0.038088,0.048568,0.057482,0.039359,0.107831,-0.02762,0.119787,0.056992,0.134769,0.006757,0.015809,-0.001608,0.0,0.044267,-0.086336,-0.021154,-0.116628,-0.009615,0.149402,-0.019655,0.14959,0.086849,-0.008302,0.42381,0.026332,-0.033006,0.251703,0.102157,-0.123597,0.161033
2022-03,-0.16791,-0.002309,-0.104158,-0.106578,-0.060241,0.118837,-0.065445,0.009911,-0.061292,-0.212965,0.257783,-0.081337,-0.14673,-0.109194,-0.122,-0.004895,-0.039879,-0.093762,-0.303342,-0.127742,-0.066549,-0.111243,-0.050906,-0.13885,-0.070555,-0.094163,0.179477,-0.063435,0.156008,0.033557,-0.045508,-0.028986,0.023605,-0.088256,-0.249521,0.068762,-0.047059,-0.029126,-0.043328,-0.188296,0.010695,-0.115297,0.081305,-0.3,-0.11697,-0.213213,-0.205718,-0.080099,-0.119876,-0.237935
2022-04,-0.156951,0.00463,-0.057895,-0.058219,-0.146795,0.023729,-0.014006,-0.049068,-0.061765,-0.182029,-0.194075,-0.199348,-0.006676,0.016196,-0.034927,-0.037245,0.06363,0.121645,-0.190898,0.067085,0.04283,-0.158575,0.032727,-0.052117,-0.058595,-0.073024,0.033927,-0.009192,0.046201,-0.006494,-0.080289,0.174129,0.002096,-0.030107,-0.094161,0.154412,0.064472,-0.0275,-0.025362,0.107197,-0.02381,-0.069032,-0.08142,-0.240898,0.034454,-0.22182,-0.158384,-0.115011,0.005542,-0.137521
2022-05,0.069149,0.02765,0.005079,0.027273,-0.006011,-0.14404,-0.011364,0.160991,0.077743,0.099432,0.019079,0.028494,0.080539,0.070313,0.011596,0.121703,-0.013318,-0.020069,-0.032533,0.001838,-0.012217,0.046321,0.057218,0.06701,0.165391,0.039388,0.103314,-0.040527,0.102266,-0.009804,-0.008079,-0.072034,-0.025105,-0.023576,0.340451,-0.122611,0.006443,-0.005141,0.052045,-0.029068,-0.091238,0.063756,-0.076722,0.172205,-0.059863,0.089701,0.147856,0.150869,0.08956,0.26378
2022-06,0.178607,-0.015695,0.094492,0.151032,0.06324,0.125725,0.005489,0.243111,0.036067,0.022251,0.019406,0.223285,0.152996,-0.042044,0.151857,0.324629,0.145588,0.081528,0.337366,0.198532,0.050263,0.154693,-0.037469,0.012882,0.181086,0.288899,-0.019435,0.065394,0.1165,-0.0033,0.090271,-0.065449,0.023605,0.250704,0.115663,0.010889,0.007682,0.007752,-0.046608,0.318223,-0.052684,-0.037785,0.0965,0.282968,0.179019,0.055061,0.318861,-0.002576,-0.03797,0.019938
2022-07,-0.038298,0.007353,-0.095106,-0.105981,-0.132891,-0.012027,-0.00578,-0.087988,-0.052667,-0.107509,-0.004309,-0.044217,-0.137024,0.080741,-0.167634,-0.101069,-0.071667,-0.097232,-0.193984,-0.155881,-0.080103,0.093606,0.068136,-0.00159,-0.076992,-0.100657,-0.07988,-0.107035,-0.033994,0.012185,-0.09788,-0.02671,-0.020273,-0.082368,-0.069384,-0.052632,-0.066125,-0.005362,-0.018868,-0.092431,-0.042872,-0.01295,-0.101837,-0.167769,-0.085104,-0.17629,-0.117653,-0.168343,-0.111709,0.271877
2022-08,-0.110619,0.038929,0.023469,-0.075704,-0.00057,0.037792,0.031977,-0.008006,-0.044472,-0.039516,-0.080638,-0.017852,0.058184,-0.059287,0.017821,-0.017283,0.013464,0.062178,-0.055338,0.06868,-0.002512,-0.076351,0.004188,-0.025287,-0.16748,0.039808,0.079715,-0.037141,0.15123,0.0,0.040836,-0.00519,0.0,0.101543,-0.029301,0.019841,0.064828,0.010782,0.026923,-0.068604,-0.014558,0.034985,-0.04015,0.142915,-0.025523,-0.108851,-0.11414,-0.019447,0.028669,-0.138571
2022-09,-0.084577,0.042155,-0.107582,-0.11873,-0.039943,0.040462,-0.056338,-0.125504,-0.07563,-0.118779,-0.267592,0.012695,0.039855,-0.093989,-0.113592,-0.111952,-0.026767,-0.04252,-0.262074,0.033754,-0.077224,-0.087448,-0.05171,-0.077049,-0.064258,-0.130255,0.042848,-0.026885,0.035,0.003509,-0.051551,-0.090435,-0.006849,0.030293,-0.169157,0.001946,-0.09715,0.053333,-0.001386,0.014066,-0.109091,-0.223944,-0.200335,-0.023619,0.028054,-0.145189,-0.139149,-0.191601,0.116533,-0.103231
2022-10,-0.043478,-0.051282,-0.012055,-0.027378,-0.202972,-0.233333,0.002985,-0.058145,-0.038462,-0.088855,0.117388,0.145299,-0.12747,-0.018898,-0.145427,-0.07368,-0.279039,-0.160275,0.004405,-0.232791,-0.234688,0.159476,-0.109059,-0.010657,0.001461,0.01899,-0.114096,-0.097297,-0.1278,-0.034965,-0.108466,-0.045889,-0.045977,-0.159026,0.048921,-0.07767,0.010043,0.02611,-0.066277,-0.191122,0.010204,0.019056,0.0657,-0.126426,-0.279401,-0.084363,-0.153248,-0.122453,0.445676,0.036188
2022-11,0.130682,0.113022,0.151656,0.178519,0.303505,0.206522,0.332232,0.053405,0.104,0.081405,0.123221,-0.009204,0.113738,0.088934,0.118202,-0.004138,0.184444,0.179327,0.150376,0.101859,0.143027,-0.062706,0.047384,0.041293,-0.045852,0.040661,0.089904,0.177645,0.015609,0.043478,0.24343,0.178357,0.036145,0.359023,0.096708,0.237895,0.085227,0.104326,0.093946,0.231479,0.241162,0.124666,0.020942,-0.065831,0.178954,0.107946,0.147394,0.225112,-0.120245,-0.029053
2022-12,-0.035176,-0.037528,0.004541,-0.006914,0.065789,-0.091291,0.015873,-0.066047,-0.050725,-0.042797,-0.050135,-0.032639,0.035196,-0.081671,0.131438,-0.109418,0.093752,-0.002854,-0.045389,0.113025,0.074523,-0.072604,-0.010368,-0.025862,-0.076889,-0.033374,-0.095908,-0.006215,-0.07883,0.010417,0.045606,-0.054422,0.009302,0.026833,-0.073796,-0.076531,-0.073298,-0.034562,-0.051527,0.093934,0.017294,-0.026128,0.038462,-0.07226,0.131325,-0.051667,-0.110062,0.016668,0.034053,-0.011473
